<?xml version="1.0" encoding="UTF-8"?>
<project-private xmlns="http://www.netbeans.org/ns/project-private/1">
    <editor-bookmarks xmlns="http://www.netbeans.org/ns/editor-bookmarks/2" lastBookmarkId="0"/>
    <open-files xmlns="http://www.netbeans.org/ns/projectui-open-files/2">
        <group>
            <file>file:/C:/Users/Houdini/Documents/NetBeansProjects/DSS/src/Java/Despesa.java</file>
            <file>file:/C:/Users/Houdini/Documents/NetBeansProjects/DSS/src/Java/Apartamento.java</file>
            <file>file:/C:/Users/Houdini/Documents/NetBeansProjects/DSS/src/Frame/Recorrentes.java</file>
            <file>file:/C:/Users/Houdini/Documents/NetBeansProjects/DSS/src/Frame/Efetuar_Pagamento.java</file>
            <file>file:/C:/Users/Houdini/Documents/NetBeansProjects/DSS/src/DAO/DAO_morador.java</file>
            <file>file:/C:/Users/Houdini/Documents/NetBeansProjects/DSS/src/MultiBills/Main.java</file>
            <file>file:/C:/Users/Houdini/Documents/NetBeansProjects/DSS/src/Frame/Despesas.java</file>
            <file>file:/C:/Users/Houdini/Documents/NetBeansProjects/DSS/src/Frame/CriarMorador.java</file>
            <file>file:/C:/Users/Houdini/Documents/NetBeansProjects/DSS/src/Frame/Menu_Inicial.java</file>
            <file>file:/C:/Users/Houdini/Documents/NetBeansProjects/DSS/src/Frame/Perfil.java</file>
            <file>file:/C:/Users/Houdini/Documents/NetBeansProjects/DSS/src/Frame/Escolhe_Morador.java</file>
            <file>file:/C:/Users/Houdini/Documents/NetBeansProjects/DSS/src/DAO/Connector.java</file>
            <file>file:/C:/Users/Houdini/Documents/NetBeansProjects/DSS/src/DAO/DAO_despesa.java</file>
            <file>file:/C:/Users/Houdini/Documents/NetBeansProjects/DSS/src/Java/QuantiaInvalidaException.java</file>
            <file>file:/C:/Users/Houdini/Documents/NetBeansProjects/DSS/src/Java/Morador.java</file>
            <file>file:/C:/Users/Houdini/Documents/NetBeansProjects/DSS/src/Frame/Adicionar_Despesas.java</file>
        </group>
    </open-files>
</project-private>
